{
  "DATA": 1.0,
  "HORARIO-FIM": 0.0,
  "HORARIO-INICIO": 0.5862068965517242,
  "LOCAL": 0.06896551724137931,
  "NUMERO-ATA": 0.9545454545454546,
  "PARTICIPANTE-PRESIDENTE-PRESENTE": 0.851063829787234,
  "PARTICIPANTE-VEREADOR-AUSENTE": 0.26666666666666666,
  "PARTICIPANTE-VEREADOR-PRESENTE": 0.9569160997732428,
  "PARTICIPANTE-VEREADOR-SUBSTITUIDO": 0.0,
  "TIPO-REUNIAO-ORDINARIA": 1.0
}