{
  "GLOBAL": {
    "DATA": 0.7666666666666667,
    "HORARIO-FIM": 0.6521739130434783,
    "HORARIO-INICIO": 0.5555555555555556,
    "LOCAL": 1.0,
    "NUMERO-ATA": 1.0,
    "PARTICIPANTE-PRESIDENTE-PRESENTE": 1.0,
    "PARTICIPANTE-PRESIDENTE-SUBSTITUIDO": 0.0,
    "PARTICIPANTE-VEREADOR-AUSENTE": 0.6666666666666666,
    "PARTICIPANTE-VEREADOR-PRESENTE": 0.9758713136729222,
    "PARTICIPANTE-VEREADOR-SUBSTITUIDO": 0.6666666666666666,
    "TIPO-REUNIAO-EXTRAORDINARIA": 0.0,
    "TIPO-REUNIAO-ORDINARIA": 0.9500000000000001
  }
}