{
  "DATA": 0.8205128205128205,
  "HORARIO-FIM": 0.9142857142857143,
  "HORARIO-INICIO": 1.0,
  "LOCAL": 0.8205128205128205,
  "NUMERO-ATA": 1.0,
  "PARTICIPANTE-FUNCIONARIO": 0.927536231884058,
  "PARTICIPANTE-PRESIDENTE-PRESENTE": 0.896551724137931,
  "PARTICIPANTE-PUBLICO": 0.0,
  "PARTICIPANTE-VEREADOR-PRESENTE": 0.9142857142857143,
  "PARTICIPANTE-VEREADOR-SUBSTITUIDO": 0.0,
  "TIPO-REUNIAO-EXTRAORDINARIA": 0.0,
  "TIPO-REUNIAO-ORDINARIA": 1.0
}