{
  "GLOBAL": {
    "DATA": 0.6956521739130435,
    "HORARIO-FIM": 0.8421052631578947,
    "HORARIO-INICIO": 1.0,
    "LOCAL": 0.6956521739130435,
    "NUMERO-ATA": 1.0,
    "PARTICIPANTE-FUNCIONARIO": 0.8648648648648649,
    "PARTICIPANTE-PRESIDENTE-PRESENTE": 0.8125,
    "PARTICIPANTE-PUBLICO": 0.0,
    "PARTICIPANTE-VEREADOR-PRESENTE": 0.9411764705882353,
    "PARTICIPANTE-VEREADOR-SUBSTITUIDO": 0.0,
    "TIPO-REUNIAO-EXTRAORDINARIA": 0.0,
    "TIPO-REUNIAO-ORDINARIA": 1.0
  }
}