{
  "DATA": 0.47058823529411764,
  "HORARIO-FIM": 1.0,
  "HORARIO-INICIO": 1.0,
  "LOCAL": 0.9189189189189189,
  "NUMERO-ATA": 1.0,
  "PARTICIPANTE-PRESIDENTE-AUSENTE": 0.0,
  "PARTICIPANTE-PRESIDENTE-PRESENTE": 1.0,
  "PARTICIPANTE-VEREADOR-AUSENTE": 0.6956521739130435,
  "PARTICIPANTE-VEREADOR-PRESENTE": 0.9723320158102766,
  "TIPO-REUNIAO-ORDINARIA": 1.0
}