{
  "DATA": 0.0,
  "HORARIO-FIM": 0.0,
  "HORARIO-INICIO": 0.0,
  "LOCAL": 1.0,
  "NUMERO-ATA": 0.7755102040816326,
  "PARTICIPANTE-PRESIDENTE-PRESENTE": 0.6333333333333334,
  "PARTICIPANTE-VEREADOR-AUSENTE": 0.0,
  "PARTICIPANTE-VEREADOR-PRESENTE": 0.2644628099173553,
  "TIPO-REUNIAO-EXTRAORDINARIA": 0.0,
  "TIPO-REUNIAO-ORDINARIA": 0.9473684210526316
}