{
  "DATA": 0.7088114754098361,
  "HORARIO-FIM": 0.35714285714285715,
  "HORARIO-INICIO": 0.6321494793895307,
  "NUMERO-ATA": 0.8090909090909091,
  "PARTICIPANTE-PRESIDENTE-PRESENTE": 0.48090489757156424,
  "PARTICIPANTE-VEREADOR-PRESENTE": 0.8920353256153102,
  "PARTICIPANTE-VEREADOR-SUBSTITUIDO": 0.0,
  "TIPO-REUNIAO-EXTRAORDINARIA": 0.0,
  "LOCAL": 0.1612725844461901,
  "PARTICIPANTE-VEREADOR-AUSENTE": 0.46637362637362634,
  "TIPO-REUNIAO-ORDINARIA": 0.99,
  "PARTICIPANTE-PRESIDENTE-SUBSTITUIDO": 0.0,
  "PARTICIPANTE-PRESIDENTE-AUSENTE": 0.0
}