{
  "DATA": 0.7683314627759072,
  "HORARIO-FIM": 0.35772357723577236,
  "HORARIO-INICIO": 0.6954528600802239,
  "NUMERO-ATA": 0.7503189792663477,
  "PARTICIPANTE-PRESIDENTE-PRESENTE": 0.5486994112735305,
  "PARTICIPANTE-VEREADOR-PRESENTE": 0.9188484410404628,
  "PARTICIPANTE-VEREADOR-SUBSTITUIDO": 0.0,
  "TIPO-REUNIAO-EXTRAORDINARIA": 0.0,
  "LOCAL": 0.2178799489144317,
  "PARTICIPANTE-VEREADOR-AUSENTE": 0.496,
  "TIPO-REUNIAO-ORDINARIA": 0.9741821396993811,
  "PARTICIPANTE-PRESIDENTE-SUBSTITUIDO": 0.0,
  "PARTICIPANTE-PRESIDENTE-AUSENTE": 0.0
}