{
  "DATA": 0.8916666666666666,
  "HORARIO-FIM": 0.35833333333333334,
  "HORARIO-INICIO": 0.8083333333333332,
  "NUMERO-ATA": 0.7174242424242424,
  "PARTICIPANTE-PRESIDENTE-PRESENTE": 0.6666666666666666,
  "PARTICIPANTE-VEREADOR-PRESENTE": 0.9518765529595914,
  "PARTICIPANTE-VEREADOR-SUBSTITUIDO": 0.0,
  "TIPO-REUNIAO-EXTRAORDINARIA": 0.0,
  "LOCAL": 0.36,
  "PARTICIPANTE-VEREADOR-AUSENTE": 0.6333333333333333,
  "TIPO-REUNIAO-ORDINARIA": 0.9625,
  "PARTICIPANTE-PRESIDENTE-SUBSTITUIDO": 0.0,
  "PARTICIPANTE-PRESIDENTE-AUSENTE": 0.0
}