{
  "GLOBAL": {
    "DATA": 1.0,
    "HORARIO-FIM": 0.9375,
    "HORARIO-INICIO": 1.0,
    "LOCAL": 0.9350649350649352,
    "NUMERO-ATA": 0.9142857142857143,
    "PARTICIPANTE-FUNCIONARIO": 0.4788732394366197,
    "PARTICIPANTE-PRESIDENTE-AUSENTE": 0.0,
    "PARTICIPANTE-PRESIDENTE-PRESENTE": 0.3516483516483517,
    "PARTICIPANTE-VEREADOR-AUSENTE": 0.0,
    "PARTICIPANTE-VEREADOR-PRESENTE": 0.018691588785046728,
    "TIPO-REUNIAO-EXTRAORDINARIA": 0.0,
    "TIPO-REUNIAO-ORDINARIA": 1.0
  }
}