{
  "DATA": 0.9019607843137256,
  "HORARIO-FIM": 0.85,
  "HORARIO-INICIO": 0.5454545454545454,
  "LOCAL": 0.975609756097561,
  "NUMERO-ATA": 0.9615384615384615,
  "PARTICIPANTE-PRESIDENTE-PRESENTE": 1.0,
  "PARTICIPANTE-PRESIDENTE-SUBSTITUIDO": 0.0,
  "PARTICIPANTE-VEREADOR-AUSENTE": 0.6363636363636365,
  "PARTICIPANTE-VEREADOR-PRESENTE": 0.9758713136729222,
  "PARTICIPANTE-VEREADOR-SUBSTITUIDO": 0.5714285714285715,
  "TIPO-REUNIAO-EXTRAORDINARIA": 0.0,
  "TIPO-REUNIAO-ORDINARIA": 0.9500000000000001
}