{
  "DATA": 0.9302325581395349,
  "HORARIO-FIM": 1.0,
  "HORARIO-INICIO": 0.9523809523809523,
  "LOCAL": 0.5818181818181818,
  "NUMERO-ATA": 0.09523809523809523,
  "PARTICIPANTE-PRESIDENTE-PRESENTE": 0.878048780487805,
  "PARTICIPANTE-PRESIDENTE-SUBSTITUIDO": 0.0,
  "PARTICIPANTE-VEREADOR-AUSENTE": 0.5,
  "PARTICIPANTE-VEREADOR-PRESENTE": 0.9245901639344262,
  "PARTICIPANTE-VEREADOR-SUBSTITUIDO": 0.0,
  "TIPO-REUNIAO-EXTRAORDINARIA": 0.0,
  "TIPO-REUNIAO-ORDINARIA": 0.7857142857142857
}