{
  "GLOBAL": {
    "DATA": 1.0,
    "HORARIO-FIM": 1.0,
    "HORARIO-INICIO": 0.9655172413793104,
    "LOCAL": 0.36363636363636365,
    "NUMERO-ATA": 1.0,
    "PARTICIPANTE-FUNCIONARIO": 0.9285714285714286,
    "PARTICIPANTE-PRESIDENTE-PRESENTE": 0.5,
    "PARTICIPANTE-VEREADOR-AUSENTE": 0.0,
    "PARTICIPANTE-VEREADOR-PRESENTE": 0.9599999999999999,
    "PARTICIPANTE-VEREADOR-SUBSTITUIDO": 0.7142857142857143,
    "TIPO-REUNIAO-EXTRAORDINARIA": 0.9090909090909091,
    "TIPO-REUNIAO-ORDINARIA": 0.9411764705882353
  }
}