{
  "GLOBAL": {
    "DATA": 1.0,
    "HORARIO-FIM": 1.0,
    "HORARIO-INICIO": 0.9500000000000001,
    "LOCAL": 0.9375,
    "NUMERO-ATA": 0.6808510638297872,
    "PARTICIPANTE-FUNCIONARIO": 0.9142857142857143,
    "PARTICIPANTE-PRESIDENTE-AUSENTE": 0.0,
    "PARTICIPANTE-PRESIDENTE-PRESENTE": 0.8813559322033898,
    "PARTICIPANTE-PUBLICO": 0.0,
    "PARTICIPANTE-VEREADOR-AUSENTE": 0.7027027027027029,
    "PARTICIPANTE-VEREADOR-PRESENTE": 0.9584905660377357,
    "PARTICIPANTE-VEREADOR-SUBSTITUIDO": 0.5,
    "TIPO-REUNIAO-ORDINARIA": 1.0
  }
}