{
  "GLOBAL": {
    "DATA": 1.0,
    "HORARIO-FIM": 1.0,
    "HORARIO-INICIO": 0.9047619047619048,
    "LOCAL": 0.8823529411764706,
    "NUMERO-ATA": 0.5161290322580645,
    "PARTICIPANTE-FUNCIONARIO": 0.8421052631578947,
    "PARTICIPANTE-PRESIDENTE-AUSENTE": 0.0,
    "PARTICIPANTE-PRESIDENTE-PRESENTE": 0.7878787878787878,
    "PARTICIPANTE-PUBLICO": 0.0,
    "PARTICIPANTE-VEREADOR-AUSENTE": 0.5909090909090909,
    "PARTICIPANTE-VEREADOR-PRESENTE": 0.9477611940298507,
    "PARTICIPANTE-VEREADOR-SUBSTITUIDO": 0.3333333333333333,
    "TIPO-REUNIAO-ORDINARIA": 1.0
  }
}