{
  "GLOBAL": {
    "DATA": 1.0,
    "HORARIO-FIM": 1.0,
    "HORARIO-INICIO": 0.9047619047619048,
    "LOCAL": 1.0,
    "NUMERO-ATA": 1.0,
    "PARTICIPANTE-FUNCIONARIO": 0.8421052631578947,
    "PARTICIPANTE-PRESIDENTE-AUSENTE": 0.0,
    "PARTICIPANTE-PRESIDENTE-PRESENTE": 0.896551724137931,
    "PARTICIPANTE-PUBLICO": 0.0,
    "PARTICIPANTE-VEREADOR-AUSENTE": 0.5652173913043478,
    "PARTICIPANTE-VEREADOR-PRESENTE": 0.9219858156028369,
    "PARTICIPANTE-VEREADOR-SUBSTITUIDO": 0.6666666666666666,
    "TIPO-REUNIAO-ORDINARIA": 1.0
  }
}