{
  "GLOBAL": {
    "DATA": 1.0,
    "HORARIO-FIM": 0.6666666666666666,
    "HORARIO-INICIO": 0.6363636363636364,
    "LOCAL": 0.5714285714285714,
    "NUMERO-ATA": 0.125,
    "PARTICIPANTE-FUNCIONARIO": 0.9655172413793104,
    "PARTICIPANTE-PRESIDENTE-PRESENTE": 0.888888888888889,
    "PARTICIPANTE-VEREADOR-AUSENTE": 1.0,
    "PARTICIPANTE-VEREADOR-PRESENTE": 0.9210526315789475,
    "PARTICIPANTE-VEREADOR-SUBSTITUIDO": 0.2857142857142857,
    "TIPO-REUNIAO-EXTRAORDINARIA": 0.0,
    "TIPO-REUNIAO-ORDINARIA": 0.0
  }
}