{
  "GLOBAL": {
    "DATA": 1.0,
    "HORARIO-FIM": 1.0,
    "HORARIO-INICIO": 0.9333333333333333,
    "LOCAL": 0.5714285714285714,
    "NUMERO-ATA": 0.07142857142857142,
    "PARTICIPANTE-FUNCIONARIO": 0.9333333333333333,
    "PARTICIPANTE-PRESIDENTE-PRESENTE": 0.9230769230769231,
    "PARTICIPANTE-VEREADOR-AUSENTE": 1.0,
    "PARTICIPANTE-VEREADOR-PRESENTE": 0.9459459459459459,
    "PARTICIPANTE-VEREADOR-SUBSTITUIDO": 0.16666666666666666,
    "TIPO-REUNIAO-EXTRAORDINARIA": 0.0,
    "TIPO-REUNIAO-ORDINARIA": 0.0
  }
}