{
  "GLOBAL": {
    "DATA": 1.0,
    "HORARIO-FIM": 1.0,
    "HORARIO-INICIO": 0.9047619047619048,
    "LOCAL": 0.8823529411764706,
    "NUMERO-ATA": 0.5172413793103449,
    "PARTICIPANTE-FUNCIONARIO": 0.8421052631578947,
    "PARTICIPANTE-PRESIDENTE-AUSENTE": 0.0,
    "PARTICIPANTE-PRESIDENTE-PRESENTE": 0.7878787878787878,
    "PARTICIPANTE-PUBLICO": 0.0,
    "PARTICIPANTE-VEREADOR-AUSENTE": 0.44,
    "PARTICIPANTE-VEREADOR-PRESENTE": 0.9078014184397163,
    "PARTICIPANTE-VEREADOR-SUBSTITUIDO": 0.16666666666666666,
    "TIPO-REUNIAO-ORDINARIA": 1.0
  }
}