{
  "DATA": 0.2916666666666667,
  "HORARIO-FIM": 0.0,
  "HORARIO-INICIO": 0.5121951219512195,
  "LOCAL": 0.0,
  "NUMERO-ATA": 1.0,
  "PARTICIPANTE-PRESIDENTE-PRESENTE": 0.4523809523809524,
  "PARTICIPANTE-VEREADOR-AUSENTE": 0.0,
  "PARTICIPANTE-VEREADOR-PRESENTE": 0.8405797101449275,
  "TIPO-REUNIAO-EXTRAORDINARIA": 0.0,
  "TIPO-REUNIAO-ORDINARIA": 0.95
}