{
  "DATA": 0.0,
  "HORARIO-FIM": 0.04761904761904762,
  "HORARIO-INICIO": 0.0,
  "LOCAL": 0.9047619047619048,
  "NUMERO-ATA": 0.8837209302325583,
  "PARTICIPANTE-PRESIDENTE-PRESENTE": 0.6440677966101694,
  "PARTICIPANTE-VEREADOR-AUSENTE": 0.0,
  "PARTICIPANTE-VEREADOR-PRESENTE": 0.2698412698412698,
  "TIPO-REUNIAO-EXTRAORDINARIA": 0.0,
  "TIPO-REUNIAO-ORDINARIA": 0.972972972972973
}