{
  "DATA": 0.0,
  "HORARIO-FIM": 0.045454545454545456,
  "HORARIO-INICIO": 0.0,
  "LOCAL": 0.9047619047619048,
  "NUMERO-ATA": 0.8260869565217391,
  "PARTICIPANTE-PRESIDENTE-PRESENTE": 0.475,
  "PARTICIPANTE-VEREADOR-AUSENTE": 0.0,
  "PARTICIPANTE-VEREADOR-PRESENTE": 0.34,
  "TIPO-REUNIAO-EXTRAORDINARIA": 0.0,
  "TIPO-REUNIAO-ORDINARIA": 0.9473684210526315
}