{
  "DATA": 0.5135135135135135,
  "HORARIO-FIM": 0.25925925925925924,
  "LOCAL": 0.8214285714285714,
  "NUMERO-ATA": 0.7948717948717948,
  "PARTICIPANTE-PRESIDENTE-PRESENTE": 0.84375,
  "PARTICIPANTE-VEREADOR-AUSENTE": 0.5454545454545454,
  "PARTICIPANTE-VEREADOR-PRESENTE": 0.8450704225352113,
  "PARTICIPANTE-VEREADOR-SUBSTITUIDO": 0.0,
  "TIPO-REUNIAO-ORDINARIA": 0.7575757575757576
}