{
  "GLOBAL": {
    "DATA": 1.0,
    "HORARIO-FIM": 1.0,
    "HORARIO-INICIO": 1.0,
    "LOCAL": 0.6470588235294118,
    "NUMERO-ATA": 1.0,
    "PARTICIPANTE-FUNCIONARIO": 0.9565217391304348,
    "PARTICIPANTE-PRESIDENTE-AUSENTE": 0.0,
    "PARTICIPANTE-PRESIDENTE-PRESENTE": 0.888888888888889,
    "PARTICIPANTE-VEREADOR-AUSENTE": 0.7368421052631577,
    "PARTICIPANTE-VEREADOR-PRESENTE": 0.9661016949152543,
    "TIPO-REUNIAO-ORDINARIA": 1.0
  }
}