{
  "GLOBAL": {
    "DATA": 0.9259259259259259,
    "HORARIO-FIM": 1.0,
    "HORARIO-INICIO": 0.819672131147541,
    "LOCAL": 0.9,
    "NUMERO-ATA": 0.9615384615384615,
    "PARTICIPANTE-PRESIDENTE-PRESENTE": 1.0,
    "PARTICIPANTE-PRESIDENTE-SUBSTITUIDO": 0.0,
    "PARTICIPANTE-VEREADOR-AUSENTE": 0.8181818181818182,
    "PARTICIPANTE-VEREADOR-PRESENTE": 0.966824644549763,
    "PARTICIPANTE-VEREADOR-SUBSTITUIDO": 0.5714285714285715,
    "TIPO-REUNIAO-EXTRAORDINARIA": 1.0,
    "TIPO-REUNIAO-ORDINARIA": 1.0
  }
}