{
  "DATA": 0.30508474576271183,
  "HORARIO-FIM": 0.0,
  "HORARIO-INICIO": 0.0,
  "LOCAL": 0.06896551724137931,
  "NUMERO-ATA": 0.6666666666666666,
  "PARTICIPANTE-PRESIDENTE-PRESENTE": 0.8695652173913044,
  "PARTICIPANTE-VEREADOR-AUSENTE": 0.30303030303030304,
  "PARTICIPANTE-VEREADOR-PRESENTE": 0.9646464646464646,
  "PARTICIPANTE-VEREADOR-SUBSTITUIDO": 0.16666666666666666,
  "TIPO-REUNIAO-ORDINARIA": 0.9523809523809523
}