{
  "DATA": 1.0,
  "HORARIO-FIM": 1.0,
  "HORARIO-INICIO": 1.0,
  "LOCAL": 1.0,
  "NUMERO-ATA": 0.9795918367346939,
  "PARTICIPANTE-PRESIDENTE-PRESENTE": 0.9787234042553191,
  "PARTICIPANTE-PRESIDENTE-SUBSTITUIDO": 0.0,
  "PARTICIPANTE-VEREADOR-AUSENTE": 0.5833333333333334,
  "PARTICIPANTE-VEREADOR-PRESENTE": 0.9725274725274724,
  "PARTICIPANTE-VEREADOR-SUBSTITUIDO": 0.28571428571428575,
  "TIPO-REUNIAO-EXTRAORDINARIA": 0.0,
  "TIPO-REUNIAO-ORDINARIA": 0.9473684210526316
}