{
  "GLOBAL": {
    "DATA": 1.0,
    "HORARIO-FIM": 1.0,
    "HORARIO-INICIO": 0.9500000000000001,
    "LOCAL": 0.967741935483871,
    "NUMERO-ATA": 0.6808510638297872,
    "PARTICIPANTE-FUNCIONARIO": 0.888888888888889,
    "PARTICIPANTE-PRESIDENTE-AUSENTE": 0.0,
    "PARTICIPANTE-PRESIDENTE-PRESENTE": 0.9122807017543859,
    "PARTICIPANTE-PUBLICO": 0.0,
    "PARTICIPANTE-VEREADOR-AUSENTE": 0.6486486486486486,
    "PARTICIPANTE-VEREADOR-PRESENTE": 0.9446494464944649,
    "PARTICIPANTE-VEREADOR-SUBSTITUIDO": 0.25,
    "TIPO-REUNIAO-ORDINARIA": 1.0
  }
}