{
  "GLOBAL": {
    "DATA": 1.0,
    "HORARIO-FIM": 1.0,
    "HORARIO-INICIO": 0.9047619047619048,
    "LOCAL": 0.9375,
    "NUMERO-ATA": 0.5161290322580645,
    "PARTICIPANTE-FUNCIONARIO": 0.8,
    "PARTICIPANTE-PRESIDENTE-AUSENTE": 0.0,
    "PARTICIPANTE-PRESIDENTE-PRESENTE": 0.8387096774193549,
    "PARTICIPANTE-PUBLICO": 0.0,
    "PARTICIPANTE-VEREADOR-AUSENTE": 0.5454545454545454,
    "PARTICIPANTE-VEREADOR-PRESENTE": 0.9142857142857143,
    "PARTICIPANTE-VEREADOR-SUBSTITUIDO": 0.16666666666666666,
    "TIPO-REUNIAO-ORDINARIA": 1.0
  }
}