{
  "DATA": 0.8695652173913043,
  "HORARIO-FIM": 1.0,
  "HORARIO-INICIO": 0.9090909090909091,
  "LOCAL": 0.45714285714285713,
  "NUMERO-ATA": 1.0,
  "PARTICIPANTE-PRESIDENTE-PRESENTE": 0.782608695652174,
  "PARTICIPANTE-PRESIDENTE-SUBSTITUIDO": 0.0,
  "PARTICIPANTE-VEREADOR-AUSENTE": 0.3333333333333333,
  "PARTICIPANTE-VEREADOR-PRESENTE": 0.8757763975155279,
  "PARTICIPANTE-VEREADOR-SUBSTITUIDO": 0.0,
  "TIPO-REUNIAO-EXTRAORDINARIA": 0.0,
  "TIPO-REUNIAO-ORDINARIA": 0.9166666666666666
}