{
  "DATA": 0.2647058823529412,
  "HORARIO-FIM": 0.9,
  "LOCAL": 0.0,
  "NUMERO-ATA": 0.9523809523809523,
  "PARTICIPANTE-PRESIDENTE-AUSENTE": 0.0,
  "PARTICIPANTE-PRESIDENTE-PRESENTE": 1.0,
  "PARTICIPANTE-VEREADOR-AUSENTE": 0.7692307692307693,
  "PARTICIPANTE-VEREADOR-PRESENTE": 0.981651376146789,
  "TIPO-REUNIAO-ORDINARIA": 1.0
}