{
  "GLOBAL": {
    "DATA": 1.0,
    "HORARIO-FIM": 1.0,
    "HORARIO-INICIO": 0.9655172413793104,
    "LOCAL": 0.5714285714285714,
    "NUMERO-ATA": 0.9032258064516129,
    "PARTICIPANTE-FUNCIONARIO": 0.9655172413793104,
    "PARTICIPANTE-PRESIDENTE-PRESENTE": 0.9230769230769231,
    "PARTICIPANTE-VEREADOR-AUSENTE": 1.0,
    "PARTICIPANTE-VEREADOR-PRESENTE": 0.9664429530201343,
    "PARTICIPANTE-VEREADOR-SUBSTITUIDO": 1.0,
    "TIPO-REUNIAO-EXTRAORDINARIA": 0.0,
    "TIPO-REUNIAO-ORDINARIA": 0.7272727272727273
  }
}