{
  "GLOBAL": {
    "DATA": 1.0,
    "HORARIO-FIM": 1.0,
    "HORARIO-INICIO": 0.9655172413793104,
    "LOCAL": 0.5806451612903226,
    "NUMERO-ATA": 1.0,
    "PARTICIPANTE-FUNCIONARIO": 0.7878787878787877,
    "PARTICIPANTE-PRESIDENTE-PRESENTE": 0.9056603773584906,
    "PARTICIPANTE-VEREADOR-AUSENTE": 0.0,
    "PARTICIPANTE-VEREADOR-PRESENTE": 0.9419354838709678,
    "PARTICIPANTE-VEREADOR-SUBSTITUIDO": 0.5714285714285715,
    "TIPO-REUNIAO-EXTRAORDINARIA": 0.0,
    "TIPO-REUNIAO-ORDINARIA": 1.0
  }
}