{
  "GLOBAL": {
    "DATA": 1.0,
    "HORARIO-FIM": 1.0,
    "HORARIO-INICIO": 0.9333333333333333,
    "LOCAL": 0.6428571428571429,
    "NUMERO-ATA": 1.0,
    "PARTICIPANTE-FUNCIONARIO": 0.8666666666666667,
    "PARTICIPANTE-PRESIDENTE-PRESENTE": 0.9230769230769231,
    "PARTICIPANTE-VEREADOR-AUSENTE": 0.0,
    "PARTICIPANTE-VEREADOR-PRESENTE": 0.9864864864864865,
    "PARTICIPANTE-VEREADOR-SUBSTITUIDO": 0.6666666666666666,
    "TIPO-REUNIAO-EXTRAORDINARIA": 0.0,
    "TIPO-REUNIAO-ORDINARIA": 1.0
  }
}