{
  "GLOBAL": {
    "DATA": 1.0,
    "HORARIO-FIM": 1.0,
    "HORARIO-INICIO": 0.9500000000000001,
    "LOCAL": 0.967741935483871,
    "NUMERO-ATA": 0.6666666666666667,
    "PARTICIPANTE-FUNCIONARIO": 0.9142857142857143,
    "PARTICIPANTE-PRESIDENTE-AUSENTE": 0.0,
    "PARTICIPANTE-PRESIDENTE-PRESENTE": 0.9122807017543859,
    "PARTICIPANTE-PUBLICO": 0.0,
    "PARTICIPANTE-VEREADOR-AUSENTE": 0.6153846153846154,
    "PARTICIPANTE-VEREADOR-PRESENTE": 0.9516728624535316,
    "PARTICIPANTE-VEREADOR-SUBSTITUIDO": 0.25,
    "TIPO-REUNIAO-ORDINARIA": 1.0
  }
}