{
  "GLOBAL": {
    "DATA": 1.0,
    "HORARIO-FIM": 1.0,
    "HORARIO-INICIO": 0.9047619047619048,
    "LOCAL": 0.9375,
    "NUMERO-ATA": 0.5172413793103449,
    "PARTICIPANTE-FUNCIONARIO": 0.8421052631578947,
    "PARTICIPANTE-PRESIDENTE-AUSENTE": 0.0,
    "PARTICIPANTE-PRESIDENTE-PRESENTE": 0.8387096774193549,
    "PARTICIPANTE-PUBLICO": 0.0,
    "PARTICIPANTE-VEREADOR-AUSENTE": 0.5,
    "PARTICIPANTE-VEREADOR-PRESENTE": 0.927536231884058,
    "PARTICIPANTE-VEREADOR-SUBSTITUIDO": 0.16666666666666666,
    "TIPO-REUNIAO-ORDINARIA": 1.0
  }
}