{
  "DATA": 0.4727272727272727,
  "HORARIO-FIM": 0.0,
  "HORARIO-INICIO": 0.0,
  "LOCAL": 0.06896551724137931,
  "NUMERO-ATA": 0.711864406779661,
  "PARTICIPANTE-PRESIDENTE-PRESENTE": 1.0,
  "PARTICIPANTE-VEREADOR-AUSENTE": 0.33333333333333326,
  "PARTICIPANTE-VEREADOR-PRESENTE": 0.962406015037594,
  "PARTICIPANTE-VEREADOR-SUBSTITUIDO": 0.2222222222222222,
  "TIPO-REUNIAO-ORDINARIA": 0.9523809523809523
}