{
  "DATA": 0.38235294117647056,
  "HORARIO-FIM": 0.0,
  "HORARIO-INICIO": 0.0,
  "LOCAL": 0.05263157894736842,
  "NUMERO-ATA": 0.5526315789473685,
  "PARTICIPANTE-PRESIDENTE-PRESENTE": 1.0,
  "PARTICIPANTE-VEREADOR-AUSENTE": 0.3,
  "PARTICIPANTE-VEREADOR-PRESENTE": 0.9365853658536586,
  "PARTICIPANTE-VEREADOR-SUBSTITUIDO": 1.0,
  "TIPO-REUNIAO-ORDINARIA": 0.9523809523809523
}