{
  "DATA": 0.4105091148497515,
  "HORARIO-FIM": 0.3150140056022409,
  "LOCAL": 0.23625491836292095,
  "NUMERO-ATA": 0.6335666237747021,
  "PARTICIPANTE-PRESIDENTE-AUSENTE": 0.0,
  "PARTICIPANTE-PRESIDENTE-PRESENTE": 0.5493736182756079,
  "PARTICIPANTE-VEREADOR-AUSENTE": 0.481060606060606,
  "PARTICIPANTE-VEREADOR-PRESENTE": 0.8236007460096452,
  "PARTICIPANTE-VEREADOR-SUBSTITUIDO": 0.041666666666666664,
  "TIPO-REUNIAO-ORDINARIA": 0.7850707850707851,
  "TIPO-REUNIAO-EXTRAORDINARIA": 0.0,
  "HORARIO-INICIO": 0.0,
  "PARTICIPANTE-PRESIDENTE-SUBSTITUIDO": 0.0
}