{
  "DATA": 0.8333333333333334,
  "HORARIO-FIM": 0.39166666666666666,
  "HORARIO-INICIO": 0.8416666666666667,
  "NUMERO-ATA": 0.6590909090909091,
  "PARTICIPANTE-PRESIDENTE-PRESENTE": 0.6666666666666666,
  "PARTICIPANTE-VEREADOR-PRESENTE": 0.9898754445026242,
  "TIPO-REUNIAO-EXTRAORDINARIA": 0.0,
  "LOCAL": 0.53,
  "PARTICIPANTE-VEREADOR-AUSENTE": 0.5708333333333333,
  "TIPO-REUNIAO-ORDINARIA": 0.9375,
  "PARTICIPANTE-VEREADOR-SUBSTITUIDO": 0.041666666666666664,
  "PARTICIPANTE-PRESIDENTE-SUBSTITUIDO": 0.0,
  "PARTICIPANTE-PRESIDENTE-AUSENTE": 0.0
}