{
  "DATA": 0.31818181818181823,
  "HORARIO-FIM": 0.0,
  "HORARIO-INICIO": 0.6774193548387097,
  "LOCAL": 0.0,
  "NUMERO-ATA": 0.9473684210526316,
  "PARTICIPANTE-PRESIDENTE-PRESENTE": 0.6229508196721312,
  "PARTICIPANTE-VEREADOR-AUSENTE": 0.0,
  "PARTICIPANTE-VEREADOR-PRESENTE": 0.8,
  "TIPO-REUNIAO-EXTRAORDINARIA": 0.0,
  "TIPO-REUNIAO-ORDINARIA": 0.9743589743589743
}