{
  "GLOBAL": {
    "DATA": 1.0,
    "HORARIO-FIM": 0.967741935483871,
    "HORARIO-INICIO": 0.9743589743589743,
    "LOCAL": 1.0,
    "NUMERO-ATA": 1.0,
    "PARTICIPANTE-FUNCIONARIO": 0.9411764705882353,
    "PARTICIPANTE-PRESIDENTE-AUSENTE": 0.0,
    "PARTICIPANTE-PRESIDENTE-PRESENTE": 0.9454545454545454,
    "PARTICIPANTE-PUBLICO": 0.0,
    "PARTICIPANTE-VEREADOR-AUSENTE": 0.7647058823529413,
    "PARTICIPANTE-VEREADOR-PRESENTE": 0.9236363636363636,
    "PARTICIPANTE-VEREADOR-SUBSTITUIDO": 1.0,
    "TIPO-REUNIAO-ORDINARIA": 1.0
  }
}