{
  "GLOBAL": {
    "DATA": 1.0,
    "HORARIO-FIM": 0.967741935483871,
    "HORARIO-INICIO": 0.9268292682926829,
    "LOCAL": 0.8333333333333333,
    "NUMERO-ATA": 1.0,
    "PARTICIPANTE-FUNCIONARIO": 0.7777777777777777,
    "PARTICIPANTE-PRESIDENTE-AUSENTE": 0.0,
    "PARTICIPANTE-PRESIDENTE-PRESENTE": 0.6415094339622641,
    "PARTICIPANTE-PUBLICO": 0.0,
    "PARTICIPANTE-VEREADOR-AUSENTE": 0.3571428571428571,
    "PARTICIPANTE-VEREADOR-PRESENTE": 0.7987616099071208,
    "PARTICIPANTE-VEREADOR-SUBSTITUIDO": 0.5714285714285715,
    "TIPO-REUNIAO-ORDINARIA": 1.0
  }
}