{
  "GLOBAL": {
    "DATA": 0.42857142857142855,
    "HORARIO-FIM": 0.5714285714285714,
    "HORARIO-INICIO": 0.09302325581395349,
    "LOCAL": 0.0,
    "NUMERO-ATA": 0.0,
    "PARTICIPANTE-FUNCIONARIO": 0.7272727272727272,
    "PARTICIPANTE-PRESIDENTE-PRESENTE": 0.5714285714285714,
    "PARTICIPANTE-VEREADOR-AUSENTE": 0.0,
    "PARTICIPANTE-VEREADOR-PRESENTE": 0.8314606741573033,
    "PARTICIPANTE-VEREADOR-SUBSTITUIDO": 0.0,
    "TIPO-REUNIAO-EXTRAORDINARIA": 0.0,
    "TIPO-REUNIAO-ORDINARIA": 1.0
  }
}