{
  "DATA": 0.18181818181818182,
  "HORARIO-FIM": 0.6274509803921569,
  "LOCAL": 0.20754716981132076,
  "NUMERO-ATA": 0.7894736842105262,
  "PARTICIPANTE-PRESIDENTE-PRESENTE": 0.782608695652174,
  "PARTICIPANTE-PRESIDENTE-SUBSTITUIDO": 0.0,
  "PARTICIPANTE-VEREADOR-AUSENTE": 1.0,
  "PARTICIPANTE-VEREADOR-PRESENTE": 0.9154929577464789,
  "PARTICIPANTE-VEREADOR-SUBSTITUIDO": 0.0,
  "TIPO-REUNIAO-EXTRAORDINARIA": 0.0,
  "TIPO-REUNIAO-ORDINARIA": 1.0
}