{
  "DATA": 0.14285714285714285,
  "HORARIO-FIM": 0.5161290322580645,
  "LOCAL": 0.12790697674418605,
  "NUMERO-ATA": 0.8333333333333334,
  "PARTICIPANTE-PRESIDENTE-PRESENTE": 0.6428571428571429,
  "PARTICIPANTE-PRESIDENTE-SUBSTITUIDO": 0.0,
  "PARTICIPANTE-VEREADOR-AUSENTE": 1.0,
  "PARTICIPANTE-VEREADOR-PRESENTE": 0.8552631578947368,
  "PARTICIPANTE-VEREADOR-SUBSTITUIDO": 0.0,
  "TIPO-REUNIAO-EXTRAORDINARIA": 0.0,
  "TIPO-REUNIAO-ORDINARIA": 1.0
}