{
  "DATA": 1.0,
  "HORARIO-FIM": 1.0,
  "HORARIO-INICIO": 1.0,
  "LOCAL": 0.8780487804878048,
  "NUMERO-ATA": 0.9795918367346939,
  "PARTICIPANTE-PRESIDENTE-PRESENTE": 1.0,
  "PARTICIPANTE-PRESIDENTE-SUBSTITUIDO": 0.0,
  "PARTICIPANTE-VEREADOR-AUSENTE": 0.782608695652174,
  "PARTICIPANTE-VEREADOR-PRESENTE": 0.9862258953168044,
  "PARTICIPANTE-VEREADOR-SUBSTITUIDO": 0.5,
  "TIPO-REUNIAO-EXTRAORDINARIA": 0.6666666666666666,
  "TIPO-REUNIAO-ORDINARIA": 0.972972972972973
}