{
  "GLOBAL": {
    "DATA": 1.0,
    "HORARIO-FIM": 1.0,
    "HORARIO-INICIO": 0.9500000000000001,
    "LOCAL": 1.0,
    "NUMERO-ATA": 0.6521739130434783,
    "PARTICIPANTE-FUNCIONARIO": 0.888888888888889,
    "PARTICIPANTE-PRESIDENTE-AUSENTE": 0.0,
    "PARTICIPANTE-PRESIDENTE-PRESENTE": 0.9285714285714286,
    "PARTICIPANTE-PUBLICO": 0.0,
    "PARTICIPANTE-VEREADOR-AUSENTE": 0.65,
    "PARTICIPANTE-VEREADOR-PRESENTE": 0.9477611940298507,
    "PARTICIPANTE-VEREADOR-SUBSTITUIDO": 0.5714285714285715,
    "TIPO-REUNIAO-ORDINARIA": 1.0
  }
}