{
  "GLOBAL": {
    "DATA": 1.0,
    "HORARIO-FIM": 1.0,
    "HORARIO-INICIO": 0.9500000000000001,
    "LOCAL": 1.0,
    "NUMERO-ATA": 0.6956521739130436,
    "PARTICIPANTE-FUNCIONARIO": 0.9142857142857143,
    "PARTICIPANTE-PRESIDENTE-AUSENTE": 0.0,
    "PARTICIPANTE-PRESIDENTE-PRESENTE": 0.9454545454545454,
    "PARTICIPANTE-PUBLICO": 0.0,
    "PARTICIPANTE-VEREADOR-AUSENTE": 0.7222222222222222,
    "PARTICIPANTE-VEREADOR-PRESENTE": 0.9588014981273407,
    "PARTICIPANTE-VEREADOR-SUBSTITUIDO": 0.5714285714285715,
    "TIPO-REUNIAO-ORDINARIA": 1.0
  }
}