{
  "DATA": 0.9090909090909091,
  "HORARIO-FIM": 1.0,
  "HORARIO-INICIO": 0.9090909090909091,
  "LOCAL": 0.39080459770114945,
  "NUMERO-ATA": 0.6,
  "PARTICIPANTE-PRESIDENTE-PRESENTE": 0.8181818181818181,
  "PARTICIPANTE-PRESIDENTE-SUBSTITUIDO": 0.0,
  "PARTICIPANTE-VEREADOR-AUSENTE": 0.33333333333333337,
  "PARTICIPANTE-VEREADOR-PRESENTE": 0.9185667752442996,
  "PARTICIPANTE-VEREADOR-SUBSTITUIDO": 0.0,
  "TIPO-REUNIAO-EXTRAORDINARIA": 0.0,
  "TIPO-REUNIAO-ORDINARIA": 0.896551724137931
}