{
  "GLOBAL": {
    "DATA": 1.0,
    "HORARIO-FIM": 0.967741935483871,
    "HORARIO-INICIO": 0.9500000000000001,
    "LOCAL": 1.0,
    "NUMERO-ATA": 1.0,
    "PARTICIPANTE-FUNCIONARIO": 0.9696969696969697,
    "PARTICIPANTE-PRESIDENTE-AUSENTE": 0.0,
    "PARTICIPANTE-PRESIDENTE-PRESENTE": 0.9454545454545454,
    "PARTICIPANTE-PUBLICO": 0.0,
    "PARTICIPANTE-VEREADOR-AUSENTE": 0.7428571428571429,
    "PARTICIPANTE-VEREADOR-PRESENTE": 0.9381818181818182,
    "PARTICIPANTE-VEREADOR-SUBSTITUIDO": 1.0,
    "TIPO-REUNIAO-ORDINARIA": 1.0
  }
}