{
  "DATA": 0.23529411764705882,
  "HORARIO-FIM": 0.0,
  "NUMERO-ATA": 1.0,
  "PARTICIPANTE-PRESIDENTE-PRESENTE": 0.3043478260869565,
  "PARTICIPANTE-VEREADOR-PRESENTE": 0.9492455418381344,
  "TIPO-REUNIAO-EXTRAORDINARIA": 0.0,
  "TIPO-REUNIAO-ORDINARIA": 0.0
}