{
  "DATA": 0.1935483870967742,
  "HORARIO-FIM": 0.0,
  "NUMERO-ATA": 1.0,
  "PARTICIPANTE-PRESIDENTE-PRESENTE": 0.2692307692307692,
  "PARTICIPANTE-VEREADOR-PRESENTE": 0.9177718832891246,
  "TIPO-REUNIAO-EXTRAORDINARIA": 0.0,
  "TIPO-REUNIAO-ORDINARIA": 0.0
}