{
  "GLOBAL": {
    "DATA": 1.0,
    "HORARIO-FIM": 1.0,
    "HORARIO-INICIO": 0.9268292682926829,
    "LOCAL": 0.9090909090909091,
    "NUMERO-ATA": 1.0,
    "PARTICIPANTE-FUNCIONARIO": 0.9411764705882353,
    "PARTICIPANTE-PRESIDENTE-AUSENTE": 0.0,
    "PARTICIPANTE-PRESIDENTE-PRESENTE": 0.9122807017543859,
    "PARTICIPANTE-PUBLICO": 0.0,
    "PARTICIPANTE-VEREADOR-AUSENTE": 0.6842105263157895,
    "PARTICIPANTE-VEREADOR-PRESENTE": 0.9333333333333332,
    "PARTICIPANTE-VEREADOR-SUBSTITUIDO": 0.5,
    "TIPO-REUNIAO-ORDINARIA": 1.0
  }
}