{
  "GLOBAL": {
    "DATA": 1.0,
    "HORARIO-FIM": 1.0,
    "HORARIO-INICIO": 0.8636363636363636,
    "LOCAL": 0.8333333333333334,
    "NUMERO-ATA": 1.0,
    "PARTICIPANTE-FUNCIONARIO": 0.8888888888888888,
    "PARTICIPANTE-PRESIDENTE-AUSENTE": 0.0,
    "PARTICIPANTE-PRESIDENTE-PRESENTE": 0.8387096774193549,
    "PARTICIPANTE-PUBLICO": 0.0,
    "PARTICIPANTE-VEREADOR-AUSENTE": 0.5652173913043478,
    "PARTICIPANTE-VEREADOR-PRESENTE": 0.9064748201438849,
    "PARTICIPANTE-VEREADOR-SUBSTITUIDO": 0.3333333333333333,
    "TIPO-REUNIAO-ORDINARIA": 1.0
  }
}