{
  "GLOBAL": {
    "DATA": 0.5416666666666666,
    "HORARIO-FIM": 0.46153846153846156,
    "HORARIO-INICIO": 0.0,
    "LOCAL": 0.13333333333333333,
    "NUMERO-ATA": 0.0,
    "PARTICIPANTE-FUNCIONARIO": 0.9285714285714286,
    "PARTICIPANTE-PRESIDENTE-PRESENTE": 0.5454545454545454,
    "PARTICIPANTE-VEREADOR-AUSENTE": 0.0,
    "PARTICIPANTE-VEREADOR-PRESENTE": 0.7628865979381443,
    "PARTICIPANTE-VEREADOR-SUBSTITUIDO": 0.0,
    "TIPO-REUNIAO-EXTRAORDINARIA": 0.0,
    "TIPO-REUNIAO-ORDINARIA": 1.0
  }
}