{
  "GLOBAL": {
    "DATA": 1.0,
    "HORARIO-FIM": 1.0,
    "HORARIO-INICIO": 0.9500000000000001,
    "LOCAL": 0.967741935483871,
    "NUMERO-ATA": 1.0,
    "PARTICIPANTE-FUNCIONARIO": 0.9142857142857143,
    "PARTICIPANTE-PRESIDENTE-AUSENTE": 0.0,
    "PARTICIPANTE-PRESIDENTE-PRESENTE": 0.8813559322033898,
    "PARTICIPANTE-PUBLICO": 0.0,
    "PARTICIPANTE-VEREADOR-AUSENTE": 0.7222222222222222,
    "PARTICIPANTE-VEREADOR-PRESENTE": 0.9552238805970148,
    "PARTICIPANTE-VEREADOR-SUBSTITUIDO": 0.4444444444444445,
    "TIPO-REUNIAO-ORDINARIA": 1.0
  }
}