{
  "GLOBAL": {
    "DATA": 1.0,
    "HORARIO-FIM": 1.0,
    "HORARIO-INICIO": 0.9047619047619048,
    "LOCAL": 0.9375,
    "NUMERO-ATA": 1.0,
    "PARTICIPANTE-FUNCIONARIO": 0.8421052631578947,
    "PARTICIPANTE-PRESIDENTE-AUSENTE": 0.0,
    "PARTICIPANTE-PRESIDENTE-PRESENTE": 0.7878787878787878,
    "PARTICIPANTE-PUBLICO": 0.0,
    "PARTICIPANTE-VEREADOR-AUSENTE": 0.6190476190476191,
    "PARTICIPANTE-VEREADOR-PRESENTE": 0.9343065693430657,
    "PARTICIPANTE-VEREADOR-SUBSTITUIDO": 0.2857142857142857,
    "TIPO-REUNIAO-ORDINARIA": 1.0
  }
}