{
  "GLOBAL": {
    "DATA": 0.47887323943661975,
    "HORARIO-FIM": 0.6222222222222222,
    "LOCAL": 0.7142857142857143,
    "NUMERO-ATA": 0.8533333333333333,
    "PARTICIPANTE-PRESIDENTE-PRESENTE": 0.84375,
    "PARTICIPANTE-VEREADOR-AUSENTE": 0.5517241379310345,
    "PARTICIPANTE-VEREADOR-PRESENTE": 0.8737864077669902,
    "PARTICIPANTE-VEREADOR-SUBSTITUIDO": 0.28571428571428575,
    "TIPO-REUNIAO-ORDINARIA": 0.819672131147541
  }
}