{
  "GLOBAL": {
    "DATA": 0.5,
    "HORARIO-FIM": 0.7777777777777778,
    "LOCAL": 0.7142857142857143,
    "NUMERO-ATA": 0.8888888888888888,
    "PARTICIPANTE-PRESIDENTE-PRESENTE": 0.84375,
    "PARTICIPANTE-VEREADOR-AUSENTE": 0.4444444444444444,
    "PARTICIPANTE-VEREADOR-PRESENTE": 0.9045226130653267,
    "PARTICIPANTE-VEREADOR-SUBSTITUIDO": 0.3333333333333333,
    "TIPO-REUNIAO-ORDINARIA": 0.8928571428571429
  }
}