{
  "GLOBAL": {
    "DATA": 0.4594594594594595,
    "HORARIO-FIM": 0.5185185185185185,
    "LOCAL": 0.7142857142857143,
    "NUMERO-ATA": 0.8205128205128205,
    "PARTICIPANTE-PRESIDENTE-PRESENTE": 0.84375,
    "PARTICIPANTE-VEREADOR-AUSENTE": 0.7272727272727273,
    "PARTICIPANTE-VEREADOR-PRESENTE": 0.8450704225352113,
    "PARTICIPANTE-VEREADOR-SUBSTITUIDO": 0.25,
    "TIPO-REUNIAO-ORDINARIA": 0.7575757575757576
  }
}