{
  "DATA": 1.0,
  "HORARIO-FIM": 0.3255813953488372,
  "HORARIO-INICIO": 0.9090909090909091,
  "LOCAL": 0.9500000000000001,
  "NUMERO-ATA": 1.0,
  "PARTICIPANTE-PRESIDENTE-PRESENTE": 0.0,
  "PARTICIPANTE-VEREADOR-AUSENTE": 1.0,
  "PARTICIPANTE-VEREADOR-PRESENTE": 0.8876404494382023,
  "TIPO-REUNIAO-ORDINARIA": 1.0
}