{
  "GLOBAL": {
    "DATA": 0.8846153846153846,
    "HORARIO-FIM": 0.85,
    "HORARIO-INICIO": 0.6,
    "LOCAL": 0.9523809523809523,
    "NUMERO-ATA": 0.9259259259259259,
    "PARTICIPANTE-PRESIDENTE-PRESENTE": 1.0,
    "PARTICIPANTE-PRESIDENTE-SUBSTITUIDO": 0.0,
    "PARTICIPANTE-VEREADOR-AUSENTE": 0.5833333333333334,
    "PARTICIPANTE-VEREADOR-PRESENTE": 0.9837837837837838,
    "PARTICIPANTE-VEREADOR-SUBSTITUIDO": 0.4,
    "TIPO-REUNIAO-EXTRAORDINARIA": 0.0,
    "TIPO-REUNIAO-ORDINARIA": 0.9047619047619048
  }
}