{
  "DATA": 0.3942094200063135,
  "HORARIO-FIM": 0.3314965986394558,
  "LOCAL": 0.28527825196312734,
  "NUMERO-ATA": 0.8438307278264757,
  "PARTICIPANTE-PRESIDENTE-AUSENTE": 0.0,
  "PARTICIPANTE-PRESIDENTE-PRESENTE": 0.6229468599033816,
  "PARTICIPANTE-VEREADOR-AUSENTE": 0.5066666666666666,
  "PARTICIPANTE-VEREADOR-PRESENTE": 0.8280132329384716,
  "TIPO-REUNIAO-ORDINARIA": 0.816624895572264,
  "TIPO-REUNIAO-EXTRAORDINARIA": 0.0,
  "HORARIO-INICIO": 0.0,
  "PARTICIPANTE-VEREADOR-SUBSTITUIDO": 0.1111111111111111,
  "PARTICIPANTE-PRESIDENTE-SUBSTITUIDO": 0.0
}