{
  "DATA": 0.23684210526315788,
  "HORARIO-FIM": 0.0,
  "HORARIO-INICIO": 0.0,
  "LOCAL": 0.05263157894736842,
  "NUMERO-ATA": 0.5,
  "PARTICIPANTE-PRESIDENTE-PRESENTE": 0.7692307692307693,
  "PARTICIPANTE-VEREADOR-AUSENTE": 0.29411764705882354,
  "PARTICIPANTE-VEREADOR-PRESENTE": 0.9455445544554455,
  "PARTICIPANTE-VEREADOR-SUBSTITUIDO": 0.25,
  "TIPO-REUNIAO-ORDINARIA": 0.9523809523809523
}