{
  "GLOBAL": {
    "DATA": 1.0,
    "HORARIO-FIM": 0.6666666666666665,
    "HORARIO-INICIO": 1.0,
    "LOCAL": 1.0,
    "NUMERO-ATA": 0.9795918367346939,
    "PARTICIPANTE-PRESIDENTE-PRESENTE": 1.0,
    "PARTICIPANTE-VEREADOR-AUSENTE": 0.6153846153846153,
    "PARTICIPANTE-VEREADOR-PRESENTE": 0.9774011299435028,
    "PARTICIPANTE-VEREADOR-SUBSTITUIDO": 0.4,
    "TIPO-REUNIAO-EXTRAORDINARIA": 0.0,
    "TIPO-REUNIAO-ORDINARIA": 0.9473684210526316
  }
}