{
  "GLOBAL": {
    "DATA": 1.0,
    "HORARIO-FIM": 1.0,
    "HORARIO-INICIO": 1.0,
    "LOCAL": 0.5714285714285714,
    "NUMERO-ATA": 1.0,
    "PARTICIPANTE-FUNCIONARIO": 0.9285714285714286,
    "PARTICIPANTE-PRESIDENTE-PRESENTE": 0.8333333333333334,
    "PARTICIPANTE-VEREADOR-AUSENTE": 0.0,
    "PARTICIPANTE-VEREADOR-PRESENTE": 0.9473684210526315,
    "PARTICIPANTE-VEREADOR-SUBSTITUIDO": 0.7142857142857143,
    "TIPO-REUNIAO-EXTRAORDINARIA": 1.0,
    "TIPO-REUNIAO-ORDINARIA": 0.8888888888888888
  }
}