{
  "GLOBAL": {
    "DATA": 0.823529411764706,
    "HORARIO-FIM": 1.0,
    "HORARIO-INICIO": 0.9500000000000001,
    "LOCAL": 0.7647058823529413,
    "NUMERO-ATA": 0.9333333333333333,
    "PARTICIPANTE-FUNCIONARIO": 0.05714285714285714,
    "PARTICIPANTE-PRESIDENTE-AUSENTE": 0.0,
    "PARTICIPANTE-PRESIDENTE-PRESENTE": 0.6046511627906976,
    "PARTICIPANTE-PUBLICO": 0.0,
    "PARTICIPANTE-VEREADOR-AUSENTE": 0.2105263157894737,
    "PARTICIPANTE-VEREADOR-PRESENTE": 0.7127071823204421,
    "PARTICIPANTE-VEREADOR-SUBSTITUIDO": 0.0,
    "TIPO-REUNIAO-ORDINARIA": 1.0
  }
}