{
  "DATA": 0.7334701322389421,
  "HORARIO-FIM": 0.38759689922480617,
  "HORARIO-INICIO": 0.7023152027184286,
  "NUMERO-ATA": 0.6706904206904207,
  "PARTICIPANTE-PRESIDENTE-PRESENTE": 0.5652802990815465,
  "PARTICIPANTE-VEREADOR-PRESENTE": 0.946354953574807,
  "TIPO-REUNIAO-EXTRAORDINARIA": 0.0,
  "LOCAL": 0.497043971871558,
  "PARTICIPANTE-VEREADOR-AUSENTE": 0.47442455242966747,
  "TIPO-REUNIAO-ORDINARIA": 0.9571428571428571,
  "PARTICIPANTE-VEREADOR-SUBSTITUIDO": 0.04761904761904762,
  "PARTICIPANTE-PRESIDENTE-SUBSTITUIDO": 0.0,
  "PARTICIPANTE-PRESIDENTE-AUSENTE": 0.0
}