{
  "DATA": 0.6962095875139354,
  "HORARIO-FIM": 0.38405797101449274,
  "HORARIO-INICIO": 0.6265274698201527,
  "NUMERO-ATA": 0.8257575757575758,
  "PARTICIPANTE-PRESIDENTE-PRESENTE": 0.5044732441471572,
  "PARTICIPANTE-VEREADOR-PRESENTE": 0.908325238053591,
  "TIPO-REUNIAO-EXTRAORDINARIA": 0.0,
  "LOCAL": 0.4866917293233083,
  "PARTICIPANTE-VEREADOR-AUSENTE": 0.4454545454545455,
  "TIPO-REUNIAO-ORDINARIA": 0.9833333333333332,
  "PARTICIPANTE-VEREADOR-SUBSTITUIDO": 0.05555555555555555,
  "PARTICIPANTE-PRESIDENTE-SUBSTITUIDO": 0.0,
  "PARTICIPANTE-PRESIDENTE-AUSENTE": 0.0
}