{
  "GLOBAL": {
    "DATA": 0.9375,
    "HORARIO-FIM": 0.9032258064516129,
    "HORARIO-INICIO": 0.9500000000000001,
    "LOCAL": 0.7368421052631579,
    "NUMERO-ATA": 0.8148148148148148,
    "PARTICIPANTE-FUNCIONARIO": 0.0,
    "PARTICIPANTE-PRESIDENTE-AUSENTE": 0.0,
    "PARTICIPANTE-PRESIDENTE-PRESENTE": 0.6341463414634146,
    "PARTICIPANTE-PUBLICO": 0.0,
    "PARTICIPANTE-VEREADOR-AUSENTE": 0.0,
    "PARTICIPANTE-VEREADOR-PRESENTE": 0.7138964577656675,
    "PARTICIPANTE-VEREADOR-SUBSTITUIDO": 0.0,
    "TIPO-REUNIAO-ORDINARIA": 1.0
  }
}