{
  "DATA": 0.8421052631578948,
  "HORARIO-FIM": 0.9411764705882353,
  "HORARIO-INICIO": 1.0,
  "LOCAL": 0.8648648648648648,
  "NUMERO-ATA": 1.0,
  "PARTICIPANTE-FUNCIONARIO": 0.927536231884058,
  "PARTICIPANTE-PRESIDENTE-PRESENTE": 0.5245901639344263,
  "PARTICIPANTE-PUBLICO": 0.0,
  "PARTICIPANTE-VEREADOR-PRESENTE": 0.732824427480916,
  "PARTICIPANTE-VEREADOR-SUBSTITUIDO": 0.0,
  "TIPO-REUNIAO-EXTRAORDINARIA": 0.0,
  "TIPO-REUNIAO-ORDINARIA": 1.0
}