{
  "GLOBAL": {
    "DATA": 0.7272727272727273,
    "HORARIO-FIM": 0.8888888888888888,
    "HORARIO-INICIO": 1.0,
    "LOCAL": 0.7619047619047619,
    "NUMERO-ATA": 1.0,
    "PARTICIPANTE-FUNCIONARIO": 0.8648648648648649,
    "PARTICIPANTE-PRESIDENTE-PRESENTE": 0.45714285714285713,
    "PARTICIPANTE-PUBLICO": 0.0,
    "PARTICIPANTE-VEREADOR-PRESENTE": 0.6233766233766234,
    "PARTICIPANTE-VEREADOR-SUBSTITUIDO": 0.0,
    "TIPO-REUNIAO-EXTRAORDINARIA": 0.0,
    "TIPO-REUNIAO-ORDINARIA": 1.0
  }
}