{
  "DATA": 1.0,
  "HORARIO-FIM": 0.6666666666666665,
  "HORARIO-INICIO": 1.0,
  "LOCAL": 0.851063829787234,
  "NUMERO-ATA": 0.9795918367346939,
  "PARTICIPANTE-PRESIDENTE-PRESENTE": 1.0,
  "PARTICIPANTE-PRESIDENTE-SUBSTITUIDO": 0.0,
  "PARTICIPANTE-VEREADOR-AUSENTE": 0.5384615384615384,
  "PARTICIPANTE-VEREADOR-PRESENTE": 0.9752066115702478,
  "PARTICIPANTE-VEREADOR-SUBSTITUIDO": 0.3333333333333333,
  "TIPO-REUNIAO-EXTRAORDINARIA": 0.0,
  "TIPO-REUNIAO-ORDINARIA": 0.9473684210526316
}