{
  "DATA": 0.6829268292682926,
  "HORARIO-FIM": 0.4489795918367347,
  "LOCAL": 0.10000000000000002,
  "NUMERO-ATA": 1.0,
  "PARTICIPANTE-PRESIDENTE-PRESENTE": 0.0,
  "PARTICIPANTE-VEREADOR-AUSENTE": 1.0,
  "PARTICIPANTE-VEREADOR-PRESENTE": 0.8876404494382023,
  "TIPO-REUNIAO-ORDINARIA": 1.0
}