{
  "GLOBAL": {
    "DATA": 1.0,
    "HORARIO-FIM": 1.0,
    "HORARIO-INICIO": 0.9655172413793104,
    "LOCAL": 0.5333333333333333,
    "NUMERO-ATA": 1.0,
    "PARTICIPANTE-FUNCIONARIO": 0.896551724137931,
    "PARTICIPANTE-PRESIDENTE-PRESENTE": 0.9285714285714286,
    "PARTICIPANTE-VEREADOR-AUSENTE": 0.0,
    "PARTICIPANTE-VEREADOR-PRESENTE": 0.9664429530201343,
    "PARTICIPANTE-VEREADOR-SUBSTITUIDO": 0.8333333333333334,
    "TIPO-REUNIAO-EXTRAORDINARIA": 0.9090909090909091,
    "TIPO-REUNIAO-ORDINARIA": 0.9411764705882353
  }
}