{
  "DATA": 1.0,
  "HORARIO-FIM": 0.7272727272727272,
  "HORARIO-INICIO": 0.9166666666666666,
  "LOCAL": 0.975609756097561,
  "NUMERO-ATA": 0.9795918367346939,
  "PARTICIPANTE-PRESIDENTE-PRESENTE": 0.7419354838709677,
  "PARTICIPANTE-PRESIDENTE-SUBSTITUIDO": 0.0,
  "PARTICIPANTE-VEREADOR-AUSENTE": 0.0,
  "PARTICIPANTE-VEREADOR-PRESENTE": 0.9834254143646408,
  "PARTICIPANTE-VEREADOR-SUBSTITUIDO": 0.0,
  "TIPO-REUNIAO-EXTRAORDINARIA": 0.0,
  "TIPO-REUNIAO-ORDINARIA": 0.9473684210526316
}