{
  "DATA": 0.33454564621547545,
  "HORARIO-FIM": 0.30210727969348655,
  "LOCAL": 0.26262508122157247,
  "NUMERO-ATA": 0.8433641575202375,
  "PARTICIPANTE-PRESIDENTE-AUSENTE": 0.0,
  "PARTICIPANTE-PRESIDENTE-PRESENTE": 0.5665520116739629,
  "PARTICIPANTE-VEREADOR-AUSENTE": 0.4638461538461538,
  "PARTICIPANTE-VEREADOR-PRESENTE": 0.8092192984842438,
  "TIPO-REUNIAO-ORDINARIA": 0.8087301587301589,
  "TIPO-REUNIAO-EXTRAORDINARIA": 0.0,
  "HORARIO-INICIO": 0.0,
  "PARTICIPANTE-VEREADOR-SUBSTITUIDO": 0.5,
  "PARTICIPANTE-PRESIDENTE-SUBSTITUIDO": 0.0
}