{
  "DATA": 1.0,
  "HORARIO-FIM": 0.9268292682926829,
  "HORARIO-INICIO": 1.0,
  "LOCAL": 1.0,
  "NUMERO-ATA": 0.9600000000000001,
  "PARTICIPANTE-PRESIDENTE-PRESENTE": 0.8421052631578948,
  "PARTICIPANTE-VEREADOR-AUSENTE": 0.0,
  "PARTICIPANTE-VEREADOR-PRESENTE": 0.9831460674157303,
  "PARTICIPANTE-VEREADOR-SUBSTITUIDO": 0.0,
  "TIPO-REUNIAO-EXTRAORDINARIA": 0.0,
  "TIPO-REUNIAO-ORDINARIA": 0.9473684210526316
}