{
  "DATA": 0.8000000000000002,
  "NUMERO-ATA": 0.4615384615384615,
  "PARTICIPANTE-PRESIDENTE-PRESENTE": 0.0,
  "PARTICIPANTE-VEREADOR-AUSENTE": 0.0,
  "PARTICIPANTE-VEREADOR-PRESENTE": 0.9178082191780822,
  "TIPO-REUNIAO-EXTRAORDINARIA": 0.0
}