{
  "GLOBAL": {
    "DATA": 1.0,
    "HORARIO-FIM": 0.4615384615384615,
    "HORARIO-INICIO": 0.46153846153846156,
    "LOCAL": 0.0,
    "NUMERO-ATA": 1.0,
    "PARTICIPANTE-FUNCIONARIO": 0.8823529411764706,
    "PARTICIPANTE-PRESIDENTE-AUSENTE": 0.0,
    "PARTICIPANTE-PRESIDENTE-PRESENTE": 0.6101694915254238,
    "PARTICIPANTE-PUBLICO": 0.0,
    "PARTICIPANTE-VEREADOR-AUSENTE": 0.3571428571428571,
    "PARTICIPANTE-VEREADOR-PRESENTE": 0.8172757475083057,
    "PARTICIPANTE-VEREADOR-SUBSTITUIDO": 0.0,
    "TIPO-REUNIAO-ORDINARIA": 1.0
  }
}