{
  "DATA": 1.0,
  "HORARIO-FIM": 0.6808510638297872,
  "HORARIO-INICIO": 0.7169811320754716,
  "LOCAL": 0.9500000000000001,
  "NUMERO-ATA": 0.9795918367346939,
  "PARTICIPANTE-PRESIDENTE-PRESENTE": 1.0,
  "PARTICIPANTE-PRESIDENTE-SUBSTITUIDO": 0.0,
  "PARTICIPANTE-VEREADOR-AUSENTE": 0.6666666666666666,
  "PARTICIPANTE-VEREADOR-PRESENTE": 0.9781420765027322,
  "PARTICIPANTE-VEREADOR-SUBSTITUIDO": 0.14285714285714288,
  "TIPO-REUNIAO-EXTRAORDINARIA": 0.0,
  "TIPO-REUNIAO-ORDINARIA": 0.9473684210526316
}