{
  "GLOBAL": {
    "DATA": 0.7999999999999999,
    "HORARIO-FIM": 0.8780487804878048,
    "HORARIO-INICIO": 0.8333333333333334,
    "LOCAL": 0.6428571428571429,
    "NUMERO-ATA": 1.0,
    "PARTICIPANTE-PRESIDENTE-PRESENTE": 0.9787234042553191,
    "PARTICIPANTE-PRESIDENTE-SUBSTITUIDO": 0.0,
    "PARTICIPANTE-VEREADOR-AUSENTE": 0.5185185185185185,
    "PARTICIPANTE-VEREADOR-PRESENTE": 0.9655172413793103,
    "PARTICIPANTE-VEREADOR-SUBSTITUIDO": 0.3333333333333333,
    "TIPO-REUNIAO-EXTRAORDINARIA": 0.0,
    "TIPO-REUNIAO-ORDINARIA": 0.9500000000000001
  }
}