{
  "GLOBAL": {
    "DATA": 1.0,
    "HORARIO-FIM": 1.0,
    "HORARIO-INICIO": 0.9655172413793104,
    "LOCAL": 0.7741935483870968,
    "NUMERO-ATA": 1.0,
    "PARTICIPANTE-FUNCIONARIO": 0.9655172413793104,
    "PARTICIPANTE-PRESIDENTE-PRESENTE": 0.9454545454545454,
    "PARTICIPANTE-VEREADOR-AUSENTE": 1.0,
    "PARTICIPANTE-VEREADOR-PRESENTE": 0.9659863945578231,
    "PARTICIPANTE-VEREADOR-SUBSTITUIDO": 0.923076923076923,
    "TIPO-REUNIAO-EXTRAORDINARIA": 1.0,
    "TIPO-REUNIAO-ORDINARIA": 1.0
  }
}