{
  "GLOBAL": {
    "DATA": 1.0,
    "HORARIO-FIM": 1.0,
    "HORARIO-INICIO": 0.9655172413793104,
    "LOCAL": 0.5555555555555556,
    "NUMERO-ATA": 1.0,
    "PARTICIPANTE-FUNCIONARIO": 0.9655172413793104,
    "PARTICIPANTE-PRESIDENTE-PRESENTE": 0.9230769230769231,
    "PARTICIPANTE-VEREADOR-AUSENTE": 1.0,
    "PARTICIPANTE-VEREADOR-PRESENTE": 0.923076923076923,
    "PARTICIPANTE-VEREADOR-SUBSTITUIDO": 0.15384615384615383,
    "TIPO-REUNIAO-EXTRAORDINARIA": 0.0,
    "TIPO-REUNIAO-ORDINARIA": 0.7272727272727273
  }
}