{
  "DATA": 1.0,
  "HORARIO-FIM": 0.7272727272727272,
  "HORARIO-INICIO": 0.7169811320754716,
  "LOCAL": 0.9,
  "NUMERO-ATA": 1.0,
  "PARTICIPANTE-PRESIDENTE-PRESENTE": 1.0,
  "PARTICIPANTE-VEREADOR-AUSENTE": 0.6153846153846153,
  "PARTICIPANTE-VEREADOR-PRESENTE": 0.9746478873239436,
  "PARTICIPANTE-VEREADOR-SUBSTITUIDO": 0.4444444444444445,
  "TIPO-REUNIAO-EXTRAORDINARIA": 0.0,
  "TIPO-REUNIAO-ORDINARIA": 0.9473684210526316
}