{
  "GLOBAL": {
    "DATA": 0.6571428571428571,
    "HORARIO-FIM": 0.5769230769230769,
    "HORARIO-INICIO": 0.4166666666666667,
    "LOCAL": 1.0,
    "NUMERO-ATA": 1.0,
    "PARTICIPANTE-PRESIDENTE-PRESENTE": 1.0,
    "PARTICIPANTE-PRESIDENTE-SUBSTITUIDO": 0.0,
    "PARTICIPANTE-VEREADOR-AUSENTE": 0.5714285714285714,
    "PARTICIPANTE-VEREADOR-PRESENTE": 0.9837837837837838,
    "PARTICIPANTE-VEREADOR-SUBSTITUIDO": 0.5,
    "TIPO-REUNIAO-EXTRAORDINARIA": 0.0,
    "TIPO-REUNIAO-ORDINARIA": 0.9047619047619048
  }
}