{
  "DATA": 0.8076923076923077,
  "HORARIO-FIM": 0.4897959183673469,
  "HORARIO-INICIO": 0.0,
  "LOCAL": 0.8292682926829269,
  "NUMERO-ATA": 1.0,
  "PARTICIPANTE-PRESIDENTE-PRESENTE": 0.7796610169491525,
  "PARTICIPANTE-PRESIDENTE-SUBSTITUIDO": 0.0,
  "PARTICIPANTE-VEREADOR-AUSENTE": 0.0,
  "PARTICIPANTE-VEREADOR-PRESENTE": 0.963350785340314,
  "PARTICIPANTE-VEREADOR-SUBSTITUIDO": 0.0,
  "TIPO-REUNIAO-EXTRAORDINARIA": 0.0,
  "TIPO-REUNIAO-ORDINARIA": 0.9500000000000001
}