{
  "DATA": 0.7777777777777778,
  "HORARIO-FIM": 0.41379310344827586,
  "HORARIO-INICIO": 0.0,
  "LOCAL": 0.8095238095238095,
  "NUMERO-ATA": 1.0,
  "PARTICIPANTE-PRESIDENTE-PRESENTE": 0.6388888888888888,
  "PARTICIPANTE-PRESIDENTE-SUBSTITUIDO": 0.0,
  "PARTICIPANTE-VEREADOR-AUSENTE": 0.0,
  "PARTICIPANTE-VEREADOR-PRESENTE": 0.9484536082474226,
  "PARTICIPANTE-VEREADOR-SUBSTITUIDO": 0.0,
  "TIPO-REUNIAO-EXTRAORDINARIA": 0.0,
  "TIPO-REUNIAO-ORDINARIA": 0.9047619047619048
}