{
  "GLOBAL": {
    "DATA": 0.9696969696969697,
    "HORARIO-FIM": 0.9375,
    "HORARIO-INICIO": 0.9,
    "LOCAL": 0.6666666666666666,
    "NUMERO-ATA": 1.0,
    "PARTICIPANTE-FUNCIONARIO": 0.8648648648648648,
    "PARTICIPANTE-PRESIDENTE-AUSENTE": 0.0,
    "PARTICIPANTE-PRESIDENTE-PRESENTE": 0.7246376811594203,
    "PARTICIPANTE-PUBLICO": 0.0,
    "PARTICIPANTE-VEREADOR-AUSENTE": 0.27027027027027023,
    "PARTICIPANTE-VEREADOR-PRESENTE": 0.831615120274914,
    "PARTICIPANTE-VEREADOR-SUBSTITUIDO": 0.0,
    "TIPO-REUNIAO-ORDINARIA": 1.0
  }
}