{
  "GLOBAL": {
    "DATA": 0.9411764705882353,
    "HORARIO-FIM": 0.8823529411764706,
    "HORARIO-INICIO": 0.8571428571428571,
    "LOCAL": 0.5,
    "NUMERO-ATA": 1.0,
    "PARTICIPANTE-FUNCIONARIO": 0.7619047619047619,
    "PARTICIPANTE-PRESIDENTE-AUSENTE": 0.0,
    "PARTICIPANTE-PRESIDENTE-PRESENTE": 0.5813953488372093,
    "PARTICIPANTE-PUBLICO": 0.0,
    "PARTICIPANTE-VEREADOR-AUSENTE": 0.22727272727272727,
    "PARTICIPANTE-VEREADOR-PRESENTE": 0.75625,
    "PARTICIPANTE-VEREADOR-SUBSTITUIDO": 0.0,
    "TIPO-REUNIAO-ORDINARIA": 1.0
  }
}