{
  "GLOBAL": {
    "DATA": 0.8235294117647058,
    "HORARIO-FIM": 1.0,
    "HORARIO-INICIO": 0.9655172413793104,
    "LOCAL": 0.16,
    "NUMERO-ATA": 0.923076923076923,
    "PARTICIPANTE-FUNCIONARIO": 0.9285714285714286,
    "PARTICIPANTE-PRESIDENTE-PRESENTE": 0.8571428571428571,
    "PARTICIPANTE-VEREADOR-AUSENTE": 0.0,
    "PARTICIPANTE-VEREADOR-PRESENTE": 0.9411764705882353,
    "PARTICIPANTE-VEREADOR-SUBSTITUIDO": 0.923076923076923,
    "TIPO-REUNIAO-EXTRAORDINARIA": 0.0,
    "TIPO-REUNIAO-ORDINARIA": 0.6153846153846153
  }
}