{
  "GLOBAL": {
    "DATA": 0.6857142857142857,
    "HORARIO-FIM": 0.8571428571428571,
    "HORARIO-INICIO": 0.8333333333333334,
    "LOCAL": 0.5,
    "NUMERO-ATA": 1.0,
    "PARTICIPANTE-PRESIDENTE-PRESENTE": 0.9583333333333334,
    "PARTICIPANTE-PRESIDENTE-SUBSTITUIDO": 0.0,
    "PARTICIPANTE-VEREADOR-AUSENTE": 0.4117647058823529,
    "PARTICIPANTE-VEREADOR-PRESENTE": 0.9629629629629629,
    "PARTICIPANTE-VEREADOR-SUBSTITUIDO": 0.5,
    "TIPO-REUNIAO-EXTRAORDINARIA": 0.0,
    "TIPO-REUNIAO-ORDINARIA": 0.9047619047619048
  }
}