{
  "DATA": 0.36484448826985494,
  "HORARIO-FIM": 0.292316715542522,
  "LOCAL": 0.21706009209069185,
  "NUMERO-ATA": 0.6932367149758454,
  "PARTICIPANTE-PRESIDENTE-AUSENTE": 0.0,
  "PARTICIPANTE-PRESIDENTE-PRESENTE": 0.4811813186813187,
  "PARTICIPANTE-VEREADOR-AUSENTE": 0.5351307189542484,
  "PARTICIPANTE-VEREADOR-PRESENTE": 0.8011137121200259,
  "PARTICIPANTE-VEREADOR-SUBSTITUIDO": 0.0625,
  "TIPO-REUNIAO-ORDINARIA": 0.7799498746867168,
  "TIPO-REUNIAO-EXTRAORDINARIA": 0.0,
  "HORARIO-INICIO": 0.0,
  "PARTICIPANTE-PRESIDENTE-SUBSTITUIDO": 0.0
}