{
  "DATA": 0.5214285714285715,
  "HORARIO-FIM": 0.35,
  "LOCAL": 0.310952380952381,
  "NUMERO-ATA": 0.6666666666666666,
  "PARTICIPANTE-PRESIDENTE-AUSENTE": 0.0,
  "PARTICIPANTE-PRESIDENTE-PRESENTE": 0.6666666666666666,
  "PARTICIPANTE-VEREADOR-AUSENTE": 0.4548611111111111,
  "PARTICIPANTE-VEREADOR-PRESENTE": 0.8559190106740523,
  "PARTICIPANTE-VEREADOR-SUBSTITUIDO": 0.03125,
  "TIPO-REUNIAO-ORDINARIA": 0.7904761904761906,
  "TIPO-REUNIAO-EXTRAORDINARIA": 0.0,
  "HORARIO-INICIO": 0.0,
  "PARTICIPANTE-PRESIDENTE-SUBSTITUIDO": 0.0
}