{
  "GLOBAL": {
    "DATA": 1.0,
    "HORARIO-FIM": 1.0,
    "HORARIO-INICIO": 0.9500000000000001,
    "LOCAL": 0.7692307692307693,
    "NUMERO-ATA": 0.9333333333333333,
    "PARTICIPANTE-FUNCIONARIO": 0.6111111111111112,
    "PARTICIPANTE-PRESIDENTE-AUSENTE": 0.0,
    "PARTICIPANTE-PRESIDENTE-PRESENTE": 0.5517241379310345,
    "PARTICIPANTE-PUBLICO": 0.0,
    "PARTICIPANTE-VEREADOR-AUSENTE": 0.3448275862068965,
    "PARTICIPANTE-VEREADOR-PRESENTE": 0.7633136094674556,
    "PARTICIPANTE-VEREADOR-SUBSTITUIDO": 0.0,
    "TIPO-REUNIAO-ORDINARIA": 1.0
  }
}