{
  "DATA": 1.0,
  "HORARIO-FIM": 0.0,
  "HORARIO-INICIO": 0.45454545454545453,
  "LOCAL": 0.02631578947368421,
  "NUMERO-ATA": 0.9545454545454546,
  "PARTICIPANTE-PRESIDENTE-PRESENTE": 0.7692307692307693,
  "PARTICIPANTE-VEREADOR-AUSENTE": 0.16666666666666666,
  "PARTICIPANTE-VEREADOR-PRESENTE": 0.9417040358744395,
  "PARTICIPANTE-VEREADOR-SUBSTITUIDO": 0.16666666666666666,
  "TIPO-REUNIAO-ORDINARIA": 1.0
}