{
  "GLOBAL": {
    "DATA": 1.0,
    "HORARIO-FIM": 1.0,
    "HORARIO-INICIO": 0.896551724137931,
    "LOCAL": 0.7647058823529412,
    "NUMERO-ATA": 0.962962962962963,
    "PARTICIPANTE-FUNCIONARIO": 0.896551724137931,
    "PARTICIPANTE-PRESIDENTE-PRESENTE": 0.4666666666666667,
    "PARTICIPANTE-VEREADOR-AUSENTE": 0.0,
    "PARTICIPANTE-VEREADOR-PRESENTE": 0.9411764705882353,
    "PARTICIPANTE-VEREADOR-SUBSTITUIDO": 0.6666666666666667,
    "TIPO-REUNIAO-EXTRAORDINARIA": 0.0,
    "TIPO-REUNIAO-ORDINARIA": 0.761904761904762
  }
}