{
  "GLOBAL": {
    "DATA": 1.0,
    "HORARIO-FIM": 1.0,
    "HORARIO-INICIO": 0.9285714285714286,
    "LOCAL": 0.65,
    "NUMERO-ATA": 1.0,
    "PARTICIPANTE-FUNCIONARIO": 0.9285714285714286,
    "PARTICIPANTE-PRESIDENTE-PRESENTE": 0.4117647058823529,
    "PARTICIPANTE-VEREADOR-AUSENTE": 0.0,
    "PARTICIPANTE-VEREADOR-PRESENTE": 0.9113924050632911,
    "PARTICIPANTE-VEREADOR-SUBSTITUIDO": 0.5555555555555556,
    "TIPO-REUNIAO-EXTRAORDINARIA": 0.0,
    "TIPO-REUNIAO-ORDINARIA": 0.6153846153846154
  }
}