{
  "DATA": 0.5277777777777778,
  "HORARIO-FIM": 0.30434782608695654,
  "LOCAL": 0.8214285714285714,
  "NUMERO-ATA": 0.8378378378378378,
  "PARTICIPANTE-PRESIDENTE-PRESENTE": 0.7605633802816902,
  "PARTICIPANTE-VEREADOR-AUSENTE": 0.41379310344827586,
  "PARTICIPANTE-VEREADOR-PRESENTE": 0.8674698795180723,
  "PARTICIPANTE-VEREADOR-SUBSTITUIDO": 0.0,
  "TIPO-REUNIAO-ORDINARIA": 0.8064516129032258
}