{
  "DATA": 0.5428571428571428,
  "HORARIO-FIM": 0.3684210526315789,
  "LOCAL": 0.8214285714285714,
  "NUMERO-ATA": 0.8857142857142857,
  "PARTICIPANTE-PRESIDENTE-PRESENTE": 0.6923076923076923,
  "PARTICIPANTE-VEREADOR-AUSENTE": 0.3333333333333333,
  "PARTICIPANTE-VEREADOR-PRESENTE": 0.8910891089108911,
  "PARTICIPANTE-VEREADOR-SUBSTITUIDO": 0.0,
  "TIPO-REUNIAO-ORDINARIA": 0.8620689655172413
}