{
  "DATA": 1.0,
  "HORARIO-FIM": 0.0,
  "HORARIO-INICIO": 0.4473684210526316,
  "LOCAL": 0.05263157894736842,
  "NUMERO-ATA": 0.9545454545454546,
  "PARTICIPANTE-PRESIDENTE-PRESENTE": 0.7407407407407407,
  "PARTICIPANTE-VEREADOR-AUSENTE": 0.2857142857142857,
  "PARTICIPANTE-VEREADOR-PRESENTE": 0.9295154185022027,
  "PARTICIPANTE-VEREADOR-SUBSTITUIDO": 0.0,
  "TIPO-REUNIAO-ORDINARIA": 1.0
}