{
  "GLOBAL": {
    "DATA": 1.0,
    "HORARIO-FIM": 0.9375,
    "HORARIO-INICIO": 1.0,
    "LOCAL": 0.7659574468085107,
    "NUMERO-ATA": 1.0,
    "PARTICIPANTE-FUNCIONARIO": 0.9500000000000001,
    "PARTICIPANTE-PRESIDENTE-AUSENTE": 0.0,
    "PARTICIPANTE-PRESIDENTE-PRESENTE": 0.5652173913043478,
    "PARTICIPANTE-VEREADOR-AUSENTE": 0.0,
    "PARTICIPANTE-VEREADOR-PRESENTE": 0.023809523809523808,
    "TIPO-REUNIAO-EXTRAORDINARIA": 0.0,
    "TIPO-REUNIAO-ORDINARIA": 0.6181818181818182
  }
}