{
  "DATA": 1.0,
  "HORARIO-FIM": 0.0,
  "HORARIO-INICIO": 0.625,
  "LOCAL": 0.034482758620689655,
  "NUMERO-ATA": 0.9545454545454546,
  "PARTICIPANTE-PRESIDENTE-PRESENTE": 0.8695652173913044,
  "PARTICIPANTE-VEREADOR-AUSENTE": 0.17647058823529413,
  "PARTICIPANTE-VEREADOR-PRESENTE": 0.9610983981693364,
  "PARTICIPANTE-VEREADOR-SUBSTITUIDO": 0.14285714285714288,
  "TIPO-REUNIAO-ORDINARIA": 1.0
}