{
  "GLOBAL": {
    "DATA": 0.7586206896551724,
    "HORARIO-FIM": 0.6451612903225806,
    "HORARIO-INICIO": 0.7741935483870969,
    "LOCAL": 0.17777777777777778,
    "NUMERO-ATA": 0.88,
    "PARTICIPANTE-FUNCIONARIO": 0.7647058823529413,
    "PARTICIPANTE-PRESIDENTE-PRESENTE": 0.9411764705882353,
    "PARTICIPANTE-VEREADOR-AUSENTE": 0.0,
    "PARTICIPANTE-VEREADOR-PRESENTE": 0.961038961038961,
    "PARTICIPANTE-VEREADOR-SUBSTITUIDO": 0.5333333333333333,
    "TIPO-REUNIAO-EXTRAORDINARIA": 0.0,
    "TIPO-REUNIAO-ORDINARIA": 1.0
  }
}