{
  "GLOBAL": {
    "DATA": 0.7857142857142857,
    "HORARIO-FIM": 0.7142857142857143,
    "HORARIO-INICIO": 0.8,
    "LOCAL": 0.2857142857142857,
    "NUMERO-ATA": 0.7857142857142857,
    "PARTICIPANTE-FUNCIONARIO": 0.8666666666666667,
    "PARTICIPANTE-PRESIDENTE-PRESENTE": 0.9230769230769231,
    "PARTICIPANTE-VEREADOR-AUSENTE": 0.0,
    "PARTICIPANTE-VEREADOR-PRESENTE": 1.0,
    "PARTICIPANTE-VEREADOR-SUBSTITUIDO": 0.6666666666666666,
    "TIPO-REUNIAO-EXTRAORDINARIA": 0.0,
    "TIPO-REUNIAO-ORDINARIA": 1.0
  }
}