{
  "GLOBAL": {
    "DATA": 1.0,
    "HORARIO-FIM": 1.0,
    "HORARIO-INICIO": 0.9655172413793104,
    "LOCAL": 0.6111111111111112,
    "NUMERO-ATA": 0.9285714285714286,
    "PARTICIPANTE-FUNCIONARIO": 0.896551724137931,
    "PARTICIPANTE-PRESIDENTE-PRESENTE": 0.6071428571428571,
    "PARTICIPANTE-VEREADOR-AUSENTE": 0.0,
    "PARTICIPANTE-VEREADOR-PRESENTE": 0.9664429530201343,
    "PARTICIPANTE-VEREADOR-SUBSTITUIDO": 1.0,
    "TIPO-REUNIAO-EXTRAORDINARIA": 0.0,
    "TIPO-REUNIAO-ORDINARIA": 0.5925925925925926
  }
}