{
  "GLOBAL": {
    "DATA": 1.0,
    "HORARIO-FIM": 1.0,
    "HORARIO-INICIO": 0.9333333333333333,
    "LOCAL": 0.7857142857142857,
    "NUMERO-ATA": 0.9285714285714286,
    "PARTICIPANTE-FUNCIONARIO": 0.8666666666666667,
    "PARTICIPANTE-PRESIDENTE-PRESENTE": 0.6538461538461539,
    "PARTICIPANTE-VEREADOR-AUSENTE": 0.0,
    "PARTICIPANTE-VEREADOR-PRESENTE": 0.972972972972973,
    "PARTICIPANTE-VEREADOR-SUBSTITUIDO": 1.0,
    "TIPO-REUNIAO-EXTRAORDINARIA": 0.0,
    "TIPO-REUNIAO-ORDINARIA": 1.0
  }
}