{
  "GLOBAL": {
    "DATA": 1.0,
    "HORARIO-FIM": 1.0,
    "HORARIO-INICIO": 0.9047619047619048,
    "LOCAL": 1.0,
    "NUMERO-ATA": 0.5172413793103449,
    "PARTICIPANTE-FUNCIONARIO": 0.6956521739130435,
    "PARTICIPANTE-PRESIDENTE-AUSENTE": 0.0,
    "PARTICIPANTE-PRESIDENTE-PRESENTE": 0.7222222222222222,
    "PARTICIPANTE-PUBLICO": 0.0,
    "PARTICIPANTE-VEREADOR-AUSENTE": 0.11764705882352941,
    "PARTICIPANTE-VEREADOR-PRESENTE": 0.8397435897435898,
    "PARTICIPANTE-VEREADOR-SUBSTITUIDO": 0.0,
    "TIPO-REUNIAO-ORDINARIA": 1.0
  }
}