{
  "DATA": 0.9803921568627451,
  "HORARIO-FIM": 0.7,
  "HORARIO-INICIO": 1.0,
  "LOCAL": 0.8780487804878048,
  "NUMERO-ATA": 0.9615384615384615,
  "PARTICIPANTE-PRESIDENTE-PRESENTE": 0.8846153846153846,
  "PARTICIPANTE-PRESIDENTE-SUBSTITUIDO": 0.0,
  "PARTICIPANTE-VEREADOR-AUSENTE": 0.64,
  "PARTICIPANTE-VEREADOR-PRESENTE": 0.9708222811671088,
  "PARTICIPANTE-VEREADOR-SUBSTITUIDO": 0.3333333333333333,
  "TIPO-REUNIAO-EXTRAORDINARIA": 0.0,
  "TIPO-REUNIAO-ORDINARIA": 0.9500000000000001
}