{
  "DATA": 0.9615384615384616,
  "HORARIO-FIM": 0.7,
  "HORARIO-INICIO": 1.0,
  "LOCAL": 0.8571428571428571,
  "NUMERO-ATA": 0.9259259259259259,
  "PARTICIPANTE-PRESIDENTE-PRESENTE": 0.7931034482758621,
  "PARTICIPANTE-PRESIDENTE-SUBSTITUIDO": 0.0,
  "PARTICIPANTE-VEREADOR-AUSENTE": 0.5333333333333333,
  "PARTICIPANTE-VEREADOR-PRESENTE": 0.9682539682539683,
  "PARTICIPANTE-VEREADOR-SUBSTITUIDO": 0.5,
  "TIPO-REUNIAO-EXTRAORDINARIA": 0.0,
  "TIPO-REUNIAO-ORDINARIA": 0.9047619047619048
}